"code","sector","status","before_price","before_scenarios","after_scenarios","evidence","sources"
"AEE","公用事业","未发现可确认重大错误；保留待核","100.25","56/101/121","56/101/121","",""
"AEP","公用事业","未发现可确认重大错误；保留待核","119.3","57/121/157","57/121/157","",""
"AES","公用事业","保留已有撤回","14.8901","","","",""
"APA","能源","未发现可确认重大错误；保留待核","42.19","30/56/73","30/56/73","",""
"APP","通信服务","未发现可确认重大错误；保留待核","305.66","107/317/449","107/317/449","",""
"ATO","公用事业","未发现可确认重大错误；保留待核","157.6","68/166/211","68/166/211","",""
"AWK","公用事业","已修改确认事实","129.8","57/126/162","","2025-10-27 签署 AWK/WTRG 全股票合并协议：每股 WTRG 在交割时换取 0.305 股 AWK。2026-08-17 公告确认 HSR 等待期已于 8/14 届满，仅满足其中一项交割条件；不能据此认定已交割。","https://ir.amwater.com/news-and-events/financial-releases/financial-release-details/2025/American-Water-and-Essential-Utilities-to-Merge-as-a-Leading-Regulated-U-S--Water-and-Wastewater-Utility/default.aspx | https://ir.amwater.com/news-and-events/financial-releases/financial-release-details/2026/American-Water-and-Essential-Utilities-Announce-Expiration-of-Hart-Scott-Rodino-Waiting-Period-for-Proposed-Merger/default.aspx"
"BKR","能源","未发现可确认重大错误；保留待核","55.92","21/52/64","21/52/64","",""
"CEG","公用事业","已修改确认事实","264.58","101/269/373","101/269/373","2026-01-07 已完成 Calpine 收购，业务包含天然气及地热。2026Q2 GAAP EPS $1.42、调整后经营 EPS $2.55；全年调整后经营 EPS 指引上调至 $11.50–12.50。Q2 营收 $7.504bn 与旧值一致，不能把该调整后指引直接替换为 GAAP TTM。","https://www.constellationenergy.com/news/2026/01/constellation-completes-calpine-transaction-powering-americas-clean-energy-future.html | https://investors.constellationenergy.com/node/10176/pdf"
"CHTR","通信服务","已修改确认事实","110.67","154/266/327","","历史价格 $110.67，旧 Bear/Base/Bull 为 $154/$266/$327：悲观价仍高于价格，未构造下行损失，inf:1 不成立；$110.67 不在旧 $182–201 区间。2026Q2 归属股东净利 $1.292bn/收入约 $13.53bn，对应约 9.6%；集团净利 $1.524bn 对应 11.3%，旧页混用口径。","https://ir.charter.com/news-releases/news-release-details/charter-announces-second-quarter-2026-results"
"CMCSA","通信服务","已修改确认事实","21.6","17/27/33","17/27/33","2026Q2 Peacock 首次季度盈利，口径为调整后 EBITDA $189m，不能写成 GAAP 净利润；宽带客户流失和盈利持续性仍需跟踪。公司同时宣布拟分拆 NBCUniversal 与 Sky；上年 Q2 含出售 Hulu 权益收益，GAAP 同比受基数影响。","https://www.sec.gov/Archives/edgar/data/1166691/000162828026049274/ex991-6302026.htm"
"CMS","公用事业","未发现可确认重大错误；保留待核","63.45","33/64/79","33/64/79","",""
"CNP","公用事业","未发现可确认重大错误；保留待核","36.94","17/38/49","17/38/49","",""
"COP","能源","未发现可确认重大错误；保留待核","125.44","51/148/210","51/148/210","",""
"CVX","能源","已修改确认事实","204.38","43/185/262","","2026Q2 GAAP 净利 $12.072bn、EPS $6.11；调整后约 $12.0bn、EPS $6.06。高盈利获公告支持；程序剔除整个季度得到 EPS 6.42/PE 31.9× 不等于公司调整后盈利，也未证明是正常化 TTM。","https://www.chevron.com/newsroom/2026/q3/chevron-reports-second-quarter-2026-results | https://www.sec.gov/Archives/edgar/data/93410/000009341026000167/cvx-20260630.htm"
"D","公用事业","已修改确认事实","60.64","28/65/89","","2026-05-18 NEE/D 签署合并协议：每股 D 在交割时获得 0.8138 股 NEE，另按比例分配合计 $360m 现金。NEE 2026Q2 仍称拟议合并；该换股对价不等于固定现金收购价。","https://www.sec.gov/Archives/edgar/data/753308/000110465926063001/tm2614888d1_8k.htm | https://www.sec.gov/Archives/edgar/data/753308/000075330826000058/neeq22026exhibit99.htm"
"DIS","通信服务","已修改确认事实","105.41","40/99/127","40/99/127","FY2026Q3 调整后 EPS $2.06，同比增长 28%；FY2025Q3 含 Hulu 非现金税收收益 $3.277bn（EPS 影响 $1.56），GAAP 同比不能直接解释为经营盈利同比崩塌。GAAP 与调整后 EPS 必须分列。","https://www.sec.gov/Archives/edgar/data/1744489/000174448926000056/fy2026_q3xerxex991.htm"
"DTE","公用事业","未发现可确认重大错误；保留待核","122.39","62/121/149","62/121/149","",""
"DUK","公用事业","未发现可确认重大错误；保留待核","114.21","66/123/153","66/123/153","",""
"DVN","能源","未发现可确认重大错误；保留待核","46.6","28/69/97","28/69/97","",""
"ECHO","通信服务","未发现可确认重大错误；保留待核","89.89","","","",""
"ED","公用事业","未发现可确认重大错误；保留待核","103.33","60/121/161","60/121/161","",""
"EIX","公用事业","未发现可确认重大错误；保留待核","53.56","46/65/79","46/65/79","",""
"EOG","能源","未发现可确认重大错误；保留待核","139.66","87/208/295","87/208/295","",""
"EQT","能源","未发现可确认重大错误；保留待核","48.88","29/56/67","29/56/67","",""
"ES","公用事业","已修改确认事实","63.9","38/70/89","38/70/89","2026Q2 GAAP 净利 $53.7m/EPS $0.14，non-GAAP recurring 净利 $329.1m/EPS $0.87。Aquarion 出售税后费用 $111.4m、海风或有负债税后费用 $164.0m，合计 $275.4m；不能把低 GAAP 利润全部解释为持续经营恶化。全年 recurring EPS 指引 $4.57–4.72，不等于 TTM。","https://investors.eversource.com/news-releases/news-release-details/eversource-energy-reports-second-quarter-2026-results"
"ETR","公用事业","未发现可确认重大错误；保留待核","99.76","38/91/117","38/91/117","",""
"EVRG","公用事业","未发现可确认重大错误；保留待核","78.73","39/80/102","39/80/102","",""
"EXC","公用事业","未发现可确认重大错误；保留待核","40.65","27/50/66","27/50/66","",""
"EXE","能源","未发现可确认重大错误；保留待核","84.18","59/100/119","59/100/119","",""
"FANG","能源","未发现可确认重大错误；保留待核","183.95","35/160/227","35/160/227","",""
"FE","公用事业","未发现可确认重大错误；保留待核","43.64","26/50/65","26/50/65","",""
"FOX","通信服务","未发现可确认重大错误；保留待核","55.83","31/72/102","31/72/102","",""
"FOXA","通信服务","未发现可确认重大错误；保留待核","62.48","31/76/108","31/76/108","",""
"GOOG","通信服务","已修改确认事实","337.32","163/396/553","","2026Q2 其他收益净额 $98.0bn，主要来自股权证券未实现收益；营业利润率 34%。GAAP 净利 $112.19bn 不是数据错误，但不能将含投资重估的 TTM EPS 19.91 标成可持续归一化 EPS。","https://www.sec.gov/Archives/edgar/data/1652044/000165204426000066/googexhibit991q22026.htm"
"GOOGL","通信服务","已修改确认事实","340.92","163/398/556","","2026Q2 其他收益净额 $98.0bn，主要来自股权证券未实现收益；营业利润率 34%。GAAP 净利 $112.19bn 不是数据错误，但不能将含投资重估的 TTM EPS 19.91 标成可持续归一化 EPS。","https://www.sec.gov/Archives/edgar/data/1652044/000165204426000066/googexhibit991q22026.htm"
"HAL","能源","未发现可确认重大错误；保留待核","31.54","17/37/46","17/37/46","",""
"KMI","能源","未发现可确认重大错误；保留待核","30.45","11/30/39","11/30/39","",""
"LNT","公用事业","未发现可确认重大错误；保留待核","64.34","25/57/72","25/57/72","",""
"LYV","通信服务","未发现可确认重大错误；保留待核","171.09","","","",""
"META","通信服务","已修改确认事实","738.79","218/713/1009","218/713/1009","2026Q2 含 $2.4bn 法律诉讼费用；全年资本开支指引 $130–145bn。收入增长不等于利润同比增长；资本开支指引不等于当季支出或 FCF。","https://investor.atmeta.com/investor-news/press-release-details/2026/Meta-Reports-Second-Quarter-2026-Results/"
"MPC","能源","未发现可确认重大错误；保留待核","392.03","197/516/732","197/516/732","",""
"NEE","公用事业","已修改确认事实","75.89","44/88/117","","2026-05-18 NEE/D 签署合并协议：每股 D 在交割时获得 0.8138 股 NEE，另按比例分配合计 $360m 现金。NEE 2026Q2 仍称拟议合并；该换股对价不等于固定现金收购价。","https://www.sec.gov/Archives/edgar/data/753308/000110465926063001/tm2614888d1_8k.htm | https://www.sec.gov/Archives/edgar/data/753308/000075330826000058/neeq22026exhibit99.htm"
"NFLX","通信服务","已修改确认事实","70.3","26/68/91","","2026Q1 官方股东信：收到 WBD 交易终止费 $2.8bn，计入利息及其他收益；推高季度 EPS 与经营现金流。旧 TTM EPS 不能未经桥接直接当作可持续归一化盈利，终止费现金流也不可逐年重复。","https://d18rn0p25nwr6d.cloudfront.net/CIK-0001065280/02e11080-ea38-41f8-ba90-f6f02f37ef12.pdf"
"NI","公用事业","未发现可确认重大错误；保留待核","39.32","19/39/50","19/39/50","",""
"NRG","公用事业","已修改确认事实","97.17","19/73/96","","2026Q2 GAAP 净利 $506m、基本 EPS $2.32；调整后净利 $315m、基本 EPS $1.49（上年 $1.73）。LS Power 资产加入及非现金经济套保收益影响 GAAP；程序剔除整个季度的 EPS 1.96 不是公司调整后 TTM。","https://investors.nrg.com/news-releases/news-release-details/nrg-energy-reports-second-quarter-2026-results-and-reaffirms"
"NWS","通信服务","未发现可确认重大错误；保留待核","31.5","8/26/35","8/26/35","",""
"NWSA","通信服务","未发现可确认重大错误；保留待核","28.52","8/25/33","8/25/33","",""
"OKE","能源","未发现可确认重大错误；保留待核","86.86","39/108/153","39/108/153","",""
"OMC","通信服务","保留已有撤回","74.485","","","",""
"OXY","能源","已修改确认事实","54.94","38/82/117","","OxyChem 已于 2026-01-02 售予伯克希尔；初公告现金价 $9.7bn，Q2 10-Q 披露调整后售价 $9.5bn，仍受后续交割调整影响。2026 上半年终止经营税后净利 $3.119bn，包含出售收益；旧 TTM 不能直接当归一化持续盈利，不以终止经营总额机械扣减普通股 EPS。","https://www.oxy.com/siteassets/documents/news-releases/pr-010226_occidental-completes-oxychem.pdf | https://www.oxy.com/siteassets/documents/investors/2025-annual-report.pdf | https://www.sec.gov/Archives/edgar/data/797468/000162828026053388/oxy-20260630.htm"
"PCG","公用事业","未发现可确认重大错误；保留待核","12.18","10/15/19","10/15/19","",""
"PEG","公用事业","未发现可确认重大错误；保留待核","67.68","40/69/82","40/69/82","",""
"PNW","公用事业","未发现可确认重大错误；保留待核","93.4","51/102/132","51/102/132","",""
"PPL","公用事业","未发现可确认重大错误；保留待核","32.58","17/34/43","17/34/43","",""
"PSKY","通信服务","已修改确认事实","9.99","","","2026-02-27 PSKY/WBD 签署协议：每股 WBD 现金对价 $31；若 9/30 尚未交割，每季度 $0.25/股 ticking fee 按日计算至交割。公告条款已核实，截至复核日最终交割状态 [MISSING]；现金对价不能视为保证兑现的市价。","https://ir.paramount.com/news-releases/news-release-details/paramount-acquire-warner-bros-discovery-form-next-generation"
"PSX","能源","未发现可确认重大错误；保留待核","252.25","119/321/455","119/321/455","",""
"RDDT","通信服务","未发现可确认重大错误；保留待核","145.36","35/131/186","35/131/186","",""
"SLB","能源","未发现可确认重大错误；保留待核","49.87","14/43/55","14/43/55","",""
"SO","公用事业","未发现可确认重大错误；保留待核","83.45","41/82/102","41/82/102","",""
"SRE","公用事业","未发现可确认重大错误；保留待核","78.18","34/72/90","34/72/90","",""
"T","通信服务","未发现可确认重大错误；保留待核","24.48","18/31/39","18/31/39","",""
"TKO","通信服务","未发现可确认重大错误；保留待核","177.58","26/131/179","26/131/179","",""
"TMUS","通信服务","已修改确认事实","162.98","78/172/223","78/172/223","2026Q2 稀释 EPS $2.99，其中 UScellular 整合相关税后成本 $146m/每股 $0.14。旧页数据只到 Q2，却把下一季度财报写成 2027-02，日期错位；改为下一季度公告日期待确认。","https://www.t-mobile.com/news/business/t-mobile-q2-2026-earnings"
"TPL","能源","未发现可确认重大错误；保留待核","328.7","53/273/387","53/273/387","",""
"TRGP","能源","未发现可确认重大错误；保留待核","273.49","71/227/289","71/227/289","",""
"TTWO","通信服务","未发现可确认重大错误；保留待核","202.78","","","",""
"VLO","能源","未发现可确认重大错误；保留待核","387.72","163/465/660","163/465/660","",""
"VST","公用事业","未发现可确认重大错误；保留待核","140.83","60/124/149","60/124/149","",""
"VZ","通信服务","未发现可确认重大错误；保留待核","45.98","32/56/69","32/56/69","",""
"WBD","通信服务","已修改确认事实","30.85","","","2026-02-27 PSKY/WBD 签署协议：每股 WBD 现金对价 $31；若 9/30 尚未交割，每季度 $0.25/股 ticking fee 按日计算至交割。公告条款已核实，截至复核日最终交割状态 [MISSING]；现金对价不能视为保证兑现的市价。","https://ir.paramount.com/news-releases/news-release-details/paramount-acquire-warner-bros-discovery-form-next-generation"
"WEC","公用事业","未发现可确认重大错误；保留待核","102.58","51/103/130","51/103/130","",""
"WMB","能源","未发现可确认重大错误；保留待核","68.63","17/58/76","17/58/76","",""
"XEL","公用事业","未发现可确认重大错误；保留待核","70.69","36/68/82","36/68/82","",""
"XOM","能源","未发现可确认重大错误；保留待核","161.35","53/172/244","53/172/244","",""